instrument,venue,open,high,low,close,volume,open_time,close_time
XAUUSD,MT5,2000.00,2022.43,1977.57,2000.00,1298,2020-01-01T00:00:00+00:00,2020-01-01T01:00:00+00:00
XAUUSD,MT5,2000.00,2022.42,1986.51,2008.94,1246,2020-01-01T01:00:00+00:00,2020-01-01T02:00:00+00:00
XAUUSD,MT5,2008.94,2019.61,1966.95,1977.62,1602,2020-01-01T02:00:00+00:00,2020-01-01T03:00:00+00:00
XAUUSD,MT5,1977.62,2044.24,1933.16,1999.78,943,2020-01-01T03:00:00+00:00,2020-01-01T04:00:00+00:00
XAUUSD,MT5,1999.78,2036.23,1991.51,2027.97,891,2020-01-01T04:00:00+00:00,2020-01-01T05:00:00+00:00
XAUUSD,MT5,2027.97,2034.39,1962.83,1969.26,1994,2020-01-01T05:00:00+00:00,2020-01-01T06:00:00+00:00
XAUUSD,MT5,1969.26,1977.36,1922.84,1930.95,1724,2020-01-01T06:00:00+00:00,2020-01-01T07:00:00+00:00
XAUUSD,MT5,1930.95,1957.08,1908.30,1934.44,1625,2020-01-01T07:00:00+00:00,2020-01-01T08:00:00+00:00
XAUUSD,MT5,1934.44,1938.73,1920.77,1925.06,1910,2020-01-01T08:00:00+00:00,2020-01-01T09:00:00+00:00
XAUUSD,MT5,1925.06,1926.31,1923.12,1924.36,1569,2020-01-01T09:00:00+00:00,2020-01-01T10:00:00+00:00
XAUUSD,MT5,1924.36,1935.63,1888.41,1899.68,1707,2020-01-01T10:00:00+00:00,2020-01-01T11:00:00+00:00
XAUUSD,MT5,1899.68,1934.34,1890.03,1924.69,1430,2020-01-01T11:00:00+00:00,2020-01-01T12:00:00+00:00
XAUUSD,MT5,1924.69,1957.11,1914.64,1947.06,1301,2020-01-01T12:00:00+00:00,2020-01-01T13:00:00+00:00
XAUUSD,MT5,1947.06,1972.58,1923.25,1948.77,1803,2020-01-01T13:00:00+00:00,2020-01-01T14:00:00+00:00
XAUUSD,MT5,1948.77,1996.20,1934.35,1981.78,1040,2020-01-01T14:00:00+00:00,2020-01-01T15:00:00+00:00
XAUUSD,MT5,1981.78,2015.49,1961.78,1995.50,1806,2020-01-01T15:00:00+00:00,2020-01-01T16:00:00+00:00
XAUUSD,MT5,1995.50,1998.32,1966.89,1969.72,1403,2020-01-01T16:00:00+00:00,2020-01-01T17:00:00+00:00
XAUUSD,MT5,1969.72,1987.00,1963.15,1980.42,1337,2020-01-01T17:00:00+00:00,2020-01-01T18:00:00+00:00
XAUUSD,MT5,1980.42,2001.72,1930.62,1951.92,1802,2020-01-01T18:00:00+00:00,2020-01-01T19:00:00+00:00
XAUUSD,MT5,1951.92,1981.42,1948.09,1977.59,1706,2020-01-01T19:00:00+00:00,2020-01-01T20:00:00+00:00
XAUUSD,MT5,1977.59,2000.78,1952.70,1975.89,1902,2020-01-01T20:00:00+00:00,2020-01-01T21:00:00+00:00
XAUUSD,MT5,1975.89,1989.79,1956.29,1970.19,980,2020-01-01T21:00:00+00:00,2020-01-01T22:00:00+00:00
XAUUSD,MT5,1970.19,1976.75,1943.39,1949.95,1928,2020-01-01T22:00:00+00:00,2020-01-01T23:00:00+00:00
XAUUSD,MT5,1949.95,2009.14,1926.63,1985.82,853,2020-01-01T23:00:00+00:00,2020-01-02T00:00:00+00:00
XAUUSD,MT5,1985.82,1995.29,1971.53,1981.00,1033,2020-01-02T00:00:00+00:00,2020-01-02T01:00:00+00:00
XAUUSD,MT5,1981.00,1997.94,1951.15,1968.09,1388,2020-01-02T01:00:00+00:00,2020-01-02T02:00:00+00:00
XAUUSD,MT5,1968.09,2003.24,1922.35,1957.50,816,2020-01-02T02:00:00+00:00,2020-01-02T03:00:00+00:00
XAUUSD,MT5,1957.50,1997.93,1932.55,1972.97,900,2020-01-02T03:00:00+00:00,2020-01-02T04:00:00+00:00
XAUUSD,MT5,1972.97,1995.89,1960.68,1983.59,1824,2020-01-02T04:00:00+00:00,2020-01-02T05:00:00+00:00
XAUUSD,MT5,1983.59,1998.37,1980.91,1995.69,1565,2020-01-02T05:00:00+00:00,2020-01-02T06:00:00+00:00
XAUUSD,MT5,1995.69,2012.22,1991.87,2008.40,1753,2020-01-02T06:00:00+00:00,2020-01-02T07:00:00+00:00
XAUUSD,MT5,2008.40,2076.90,2005.24,2073.73,1715,2020-01-02T07:00:00+00:00,2020-01-02T08:00:00+00:00
XAUUSD,MT5,2073.73,2089.32,2045.31,2060.90,1692,2020-01-02T08:00:00+00:00,2020-01-02T09:00:00+00:00
XAUUSD,MT5,2060.90,2071.06,2034.73,2044.89,1447,2020-01-02T09:00:00+00:00,2020-01-02T10:00:00+00:00
XAUUSD,MT5,2044.89,2050.73,2014.02,2019.86,1197,2020-01-02T10:00:00+00:00,2020-01-02T11:00:00+00:00
XAUUSD,MT5,2019.86,2042.91,2015.33,2038.38,1379,2020-01-02T11:00:00+00:00,2020-01-02T12:00:00+00:00
XAUUSD,MT5,2038.38,2104.60,2006.74,2072.96,1243,2020-01-02T12:00:00+00:00,2020-01-02T13:00:00+00:00
XAUUSD,MT5,2072.96,2077.72,2064.42,2069.18,1405,2020-01-02T13:00:00+00:00,2020-01-02T14:00:00+00:00
XAUUSD,MT5,2069.18,2080.73,2031.50,2043.04,944,2020-01-02T14:00:00+00:00,2020-01-02T15:00:00+00:00
XAUUSD,MT5,2043.04,2061.87,1998.87,2017.70,1820,2020-01-02T15:00:00+00:00,2020-01-02T16:00:00+00:00
XAUUSD,MT5,2017.70,2050.84,2004.12,2037.26,826,2020-01-02T16:00:00+00:00,2020-01-02T17:00:00+00:00
XAUUSD,MT5,2037.26,2065.03,2032.10,2059.87,1278,2020-01-02T17:00:00+00:00,2020-01-02T18:00:00+00:00
XAUUSD,MT5,2059.87,2077.28,2059.07,2076.49,1269,2020-01-02T18:00:00+00:00,2020-01-02T19:00:00+00:00
XAUUSD,MT5,2076.49,2090.36,2041.75,2055.63,1013,2020-01-02T19:00:00+00:00,2020-01-02T20:00:00+00:00
XAUUSD,MT5,2055.63,2074.01,2044.19,2062.57,1111,2020-01-02T20:00:00+00:00,2020-01-02T21:00:00+00:00
XAUUSD,MT5,2062.57,2076.07,2052.45,2065.95,829,2020-01-02T21:00:00+00:00,2020-01-02T22:00:00+00:00
XAUUSD,MT5,2065.95,2081.03,2057.42,2072.50,1304,2020-01-02T22:00:00+00:00,2020-01-02T23:00:00+00:00
XAUUSD,MT5,2072.50,2122.34,2049.70,2099.54,1169,2020-01-02T23:00:00+00:00,2020-01-03T00:00:00+00:00
XAUUSD,MT5,2099.54,2107.43,2098.46,2106.35,1298,2020-01-03T00:00:00+00:00,2020-01-03T01:00:00+00:00
XAUUSD,MT5,2106.35,2142.03,2092.00,2127.67,1133,2020-01-03T01:00:00+00:00,2020-01-03T02:00:00+00:00
XAUUSD,MT5,2127.67,2132.62,2124.64,2129.59,1656,2020-01-03T02:00:00+00:00,2020-01-03T03:00:00+00:00
XAUUSD,MT5,2129.59,2160.04,2108.16,2138.61,1978,2020-01-03T03:00:00+00:00,2020-01-03T04:00:00+00:00
XAUUSD,MT5,2138.61,2178.92,2118.40,2158.71,1981,2020-01-03T04:00:00+00:00,2020-01-03T05:00:00+00:00
XAUUSD,MT5,2158.71,2164.47,2106.05,2111.80,1713,2020-01-03T05:00:00+00:00,2020-01-03T06:00:00+00:00
XAUUSD,MT5,2111.80,2149.78,2063.48,2101.46,1141,2020-01-03T06:00:00+00:00,2020-01-03T07:00:00+00:00
XAUUSD,MT5,2101.46,2106.06,2081.86,2086.45,1955,2020-01-03T07:00:00+00:00,2020-01-03T08:00:00+00:00
XAUUSD,MT5,2086.45,2103.07,2049.71,2066.32,889,2020-01-03T08:00:00+00:00,2020-01-03T09:00:00+00:00
XAUUSD,MT5,2066.32,2097.14,2026.76,2057.58,936,2020-01-03T09:00:00+00:00,2020-01-03T10:00:00+00:00
XAUUSD,MT5,2057.58,2122.57,2039.01,2104.00,1579,2020-01-03T10:00:00+00:00,2020-01-03T11:00:00+00:00
XAUUSD,MT5,2104.00,2107.67,2072.95,2076.62,1463,2020-01-03T11:00:00+00:00,2020-01-03T12:00:00+00:00
XAUUSD,MT5,2076.62,2132.22,2051.16,2106.77,928,2020-01-03T12:00:00+00:00,2020-01-03T13:00:00+00:00
XAUUSD,MT5,2106.77,2110.60,2050.18,2054.02,1981,2020-01-03T13:00:00+00:00,2020-01-03T14:00:00+00:00
XAUUSD,MT5,2054.02,2081.93,2015.58,2043.50,1964,2020-01-03T14:00:00+00:00,2020-01-03T15:00:00+00:00
XAUUSD,MT5,2043.50,2054.77,2036.99,2048.26,1699,2020-01-03T15:00:00+00:00,2020-01-03T16:00:00+00:00
XAUUSD,MT5,2048.26,2091.72,2022.67,2066.12,1157,2020-01-03T16:00:00+00:00,2020-01-03T17:00:00+00:00
XAUUSD,MT5,2066.12,2094.68,2059.49,2088.05,849,2020-01-03T17:00:00+00:00,2020-01-03T18:00:00+00:00
XAUUSD,MT5,2088.05,2121.05,2079.80,2112.80,1850,2020-01-03T18:00:00+00:00,2020-01-03T19:00:00+00:00
XAUUSD,MT5,2112.80,2116.61,2097.74,2101.54,1982,2020-01-03T19:00:00+00:00,2020-01-03T20:00:00+00:00
XAUUSD,MT5,2101.54,2129.32,2059.01,2086.79,1090,2020-01-03T20:00:00+00:00,2020-01-03T21:00:00+00:00
XAUUSD,MT5,2086.79,2122.73,2077.63,2113.58,1293,2020-01-03T21:00:00+00:00,2020-01-03T22:00:00+00:00
XAUUSD,MT5,2113.58,2133.72,2087.14,2107.28,1066,2020-01-03T22:00:00+00:00,2020-01-03T23:00:00+00:00
XAUUSD,MT5,2107.28,2117.15,2057.24,2067.11,1466,2020-01-03T23:00:00+00:00,2020-01-04T00:00:00+00:00
XAUUSD,MT5,2067.11,2075.36,2023.79,2032.04,1333,2020-01-04T00:00:00+00:00,2020-01-04T01:00:00+00:00
XAUUSD,MT5,2032.04,2038.78,1997.25,2003.98,1787,2020-01-04T01:00:00+00:00,2020-01-04T02:00:00+00:00
XAUUSD,MT5,2003.98,2044.28,1978.46,2018.75,1943,2020-01-04T02:00:00+00:00,2020-01-04T03:00:00+00:00
XAUUSD,MT5,2018.75,2038.54,2003.06,2022.84,858,2020-01-04T03:00:00+00:00,2020-01-04T04:00:00+00:00
XAUUSD,MT5,2022.84,2047.28,2019.24,2043.67,1715,2020-01-04T04:00:00+00:00,2020-01-04T05:00:00+00:00
XAUUSD,MT5,2043.67,2050.47,2023.59,2030.39,1655,2020-01-04T05:00:00+00:00,2020-01-04T06:00:00+00:00
XAUUSD,MT5,2030.39,2047.31,2018.08,2035.00,1687,2020-01-04T06:00:00+00:00,2020-01-04T07:00:00+00:00
XAUUSD,MT5,2035.00,2064.95,2024.00,2053.95,1687,2020-01-04T07:00:00+00:00,2020-01-04T08:00:00+00:00
XAUUSD,MT5,2053.95,2057.66,2040.51,2044.21,1889,2020-01-04T08:00:00+00:00,2020-01-04T09:00:00+00:00
XAUUSD,MT5,2044.21,2080.43,2021.81,2058.04,1081,2020-01-04T09:00:00+00:00,2020-01-04T10:00:00+00:00
XAUUSD,MT5,2058.04,2064.77,2030.74,2037.47,1332,2020-01-04T10:00:00+00:00,2020-01-04T11:00:00+00:00
XAUUSD,MT5,2037.47,2041.56,2022.09,2026.18,805,2020-01-04T11:00:00+00:00,2020-01-04T12:00:00+00:00
XAUUSD,MT5,2026.18,2035.54,2005.02,2014.38,1436,2020-01-04T12:00:00+00:00,2020-01-04T13:00:00+00:00
XAUUSD,MT5,2014.38,2022.30,1970.44,1978.35,835,2020-01-04T13:00:00+00:00,2020-01-04T14:00:00+00:00
XAUUSD,MT5,1978.35,1998.78,1972.20,1992.63,1532,2020-01-04T14:00:00+00:00,2020-01-04T15:00:00+00:00
XAUUSD,MT5,1992.63,2008.07,1962.99,1978.43,1605,2020-01-04T15:00:00+00:00,2020-01-04T16:00:00+00:00
XAUUSD,MT5,1978.43,2014.38,1942.62,1978.57,1429,2020-01-04T16:00:00+00:00,2020-01-04T17:00:00+00:00
XAUUSD,MT5,1978.57,2030.77,1940.48,1992.67,1217,2020-01-04T17:00:00+00:00,2020-01-04T18:00:00+00:00
XAUUSD,MT5,1992.67,2011.93,1986.57,2005.84,1651,2020-01-04T18:00:00+00:00,2020-01-04T19:00:00+00:00
XAUUSD,MT5,2005.84,2030.45,2001.12,2025.73,1508,2020-01-04T19:00:00+00:00,2020-01-04T20:00:00+00:00
XAUUSD,MT5,2025.73,2030.07,2018.17,2022.51,1459,2020-01-04T20:00:00+00:00,2020-01-04T21:00:00+00:00
XAUUSD,MT5,2022.51,2039.29,1992.70,2009.48,1863,2020-01-04T21:00:00+00:00,2020-01-04T22:00:00+00:00
XAUUSD,MT5,2009.48,2018.21,1998.13,2006.86,1610,2020-01-04T22:00:00+00:00,2020-01-04T23:00:00+00:00
XAUUSD,MT5,2006.86,2028.78,1934.55,1956.48,1210,2020-01-04T23:00:00+00:00,2020-01-05T00:00:00+00:00
XAUUSD,MT5,1956.48,1966.52,1904.21,1914.25,1440,2020-01-05T00:00:00+00:00,2020-01-05T01:00:00+00:00
XAUUSD,MT5,1914.25,1916.67,1874.02,1876.44,1998,2020-01-05T01:00:00+00:00,2020-01-05T02:00:00+00:00
XAUUSD,MT5,1876.44,1881.11,1843.69,1848.37,1441,2020-01-05T02:00:00+00:00,2020-01-05T03:00:00+00:00
XAUUSD,MT5,1848.37,1867.86,1839.79,1859.28,964,2020-01-05T03:00:00+00:00,2020-01-05T04:00:00+00:00
XAUUSD,MT5,1859.28,1883.08,1810.18,1833.99,872,2020-01-05T04:00:00+00:00,2020-01-05T05:00:00+00:00
XAUUSD,MT5,1833.99,1839.33,1818.07,1823.41,1270,2020-01-05T05:00:00+00:00,2020-01-05T06:00:00+00:00
XAUUSD,MT5,1823.41,1884.85,1797.64,1859.08,1212,2020-01-05T06:00:00+00:00,2020-01-05T07:00:00+00:00
XAUUSD,MT5,1859.08,1882.21,1825.84,1848.97,961,2020-01-05T07:00:00+00:00,2020-01-05T08:00:00+00:00
XAUUSD,MT5,1848.97,1884.80,1833.49,1869.33,1221,2020-01-05T08:00:00+00:00,2020-01-05T09:00:00+00:00
XAUUSD,MT5,1869.33,1873.74,1838.71,1843.12,1042,2020-01-05T09:00:00+00:00,2020-01-05T10:00:00+00:00
XAUUSD,MT5,1843.12,1855.10,1825.27,1837.24,1955,2020-01-05T10:00:00+00:00,2020-01-05T11:00:00+00:00
XAUUSD,MT5,1837.24,1853.71,1794.58,1811.04,1561,2020-01-05T11:00:00+00:00,2020-01-05T12:00:00+00:00
XAUUSD,MT5,1811.04,1815.42,1797.28,1801.66,1864,2020-01-05T12:00:00+00:00,2020-01-05T13:00:00+00:00
XAUUSD,MT5,1801.66,1824.54,1801.42,1824.30,1951,2020-01-05T13:00:00+00:00,2020-01-05T14:00:00+00:00
XAUUSD,MT5,1824.30,1836.33,1765.41,1777.44,1976,2020-01-05T14:00:00+00:00,2020-01-05T15:00:00+00:00
XAUUSD,MT5,1777.44,1789.96,1776.35,1788.86,1141,2020-01-05T15:00:00+00:00,2020-01-05T16:00:00+00:00
XAUUSD,MT5,1788.86,1818.01,1765.90,1795.05,1472,2020-01-05T16:00:00+00:00,2020-01-05T17:00:00+00:00
XAUUSD,MT5,1795.05,1801.48,1772.49,1778.92,1190,2020-01-05T17:00:00+00:00,2020-01-05T18:00:00+00:00
XAUUSD,MT5,1778.92,1785.75,1733.73,1740.56,1980,2020-01-05T18:00:00+00:00,2020-01-05T19:00:00+00:00
XAUUSD,MT5,1740.56,1752.50,1730.30,1742.24,1690,2020-01-05T19:00:00+00:00,2020-01-05T20:00:00+00:00
XAUUSD,MT5,1742.24,1745.78,1724.74,1728.27,830,2020-01-05T20:00:00+00:00,2020-01-05T21:00:00+00:00
XAUUSD,MT5,1728.27,1751.24,1711.14,1734.11,1159,2020-01-05T21:00:00+00:00,2020-01-05T22:00:00+00:00
XAUUSD,MT5,1734.11,1745.36,1723.24,1734.49,1012,2020-01-05T22:00:00+00:00,2020-01-05T23:00:00+00:00
XAUUSD,MT5,1734.49,1808.21,1702.74,1776.47,986,2020-01-05T23:00:00+00:00,2020-01-06T00:00:00+00:00
XAUUSD,MT5,1776.47,1782.04,1764.32,1769.90,1100,2020-01-06T00:00:00+00:00,2020-01-06T01:00:00+00:00
XAUUSD,MT5,1769.90,1772.08,1740.56,1742.74,1750,2020-01-06T01:00:00+00:00,2020-01-06T02:00:00+00:00
XAUUSD,MT5,1742.74,1757.94,1732.04,1747.24,1833,2020-01-06T02:00:00+00:00,2020-01-06T03:00:00+00:00
XAUUSD,MT5,1747.24,1769.27,1730.78,1752.81,1371,2020-01-06T03:00:00+00:00,2020-01-06T04:00:00+00:00
XAUUSD,MT5,1752.81,1795.71,1745.82,1788.72,1106,2020-01-06T04:00:00+00:00,2020-01-06T05:00:00+00:00
XAUUSD,MT5,1788.72,1817.86,1781.91,1811.06,1777,2020-01-06T05:00:00+00:00,2020-01-06T06:00:00+00:00
XAUUSD,MT5,1811.06,1826.52,1805.11,1820.58,1364,2020-01-06T06:00:00+00:00,2020-01-06T07:00:00+00:00
XAUUSD,MT5,1820.58,1871.81,1809.54,1860.77,1022,2020-01-06T07:00:00+00:00,2020-01-06T08:00:00+00:00
XAUUSD,MT5,1860.77,1881.31,1807.14,1827.68,1312,2020-01-06T08:00:00+00:00,2020-01-06T09:00:00+00:00
XAUUSD,MT5,1827.68,1833.44,1804.25,1810.02,1583,2020-01-06T09:00:00+00:00,2020-01-06T10:00:00+00:00
XAUUSD,MT5,1810.02,1814.22,1780.63,1784.84,1921,2020-01-06T10:00:00+00:00,2020-01-06T11:00:00+00:00
XAUUSD,MT5,1784.84,1797.50,1761.56,1774.23,1319,2020-01-06T11:00:00+00:00,2020-01-06T12:00:00+00:00
XAUUSD,MT5,1774.23,1803.58,1708.42,1737.77,1687,2020-01-06T12:00:00+00:00,2020-01-06T13:00:00+00:00
XAUUSD,MT5,1737.77,1764.50,1727.48,1754.21,923,2020-01-06T13:00:00+00:00,2020-01-06T14:00:00+00:00
XAUUSD,MT5,1754.21,1784.63,1717.75,1748.18,1486,2020-01-06T14:00:00+00:00,2020-01-06T15:00:00+00:00
XAUUSD,MT5,1748.18,1759.91,1698.10,1709.84,878,2020-01-06T15:00:00+00:00,2020-01-06T16:00:00+00:00
XAUUSD,MT5,1709.84,1712.38,1681.26,1683.80,1748,2020-01-06T16:00:00+00:00,2020-01-06T17:00:00+00:00
XAUUSD,MT5,1683.80,1694.65,1680.69,1691.54,1175,2020-01-06T17:00:00+00:00,2020-01-06T18:00:00+00:00
XAUUSD,MT5,1691.54,1725.99,1678.30,1712.75,1562,2020-01-06T18:00:00+00:00,2020-01-06T19:00:00+00:00
XAUUSD,MT5,1712.75,1778.51,1698.87,1764.63,1261,2020-01-06T19:00:00+00:00,2020-01-06T20:00:00+00:00
XAUUSD,MT5,1764.63,1856.75,1751.14,1843.26,1339,2020-01-06T20:00:00+00:00,2020-01-06T21:00:00+00:00
XAUUSD,MT5,1843.26,1862.31,1835.49,1854.54,1048,2020-01-06T21:00:00+00:00,2020-01-06T22:00:00+00:00
XAUUSD,MT5,1854.54,1857.58,1823.98,1827.01,1076,2020-01-06T22:00:00+00:00,2020-01-06T23:00:00+00:00
XAUUSD,MT5,1827.01,1827.20,1769.13,1769.31,1299,2020-01-06T23:00:00+00:00,2020-01-07T00:00:00+00:00
XAUUSD,MT5,1769.31,1785.58,1759.96,1776.23,1297,2020-01-07T00:00:00+00:00,2020-01-07T01:00:00+00:00
XAUUSD,MT5,1776.23,1776.39,1754.35,1754.51,1835,2020-01-07T01:00:00+00:00,2020-01-07T02:00:00+00:00
XAUUSD,MT5,1754.51,1757.26,1740.66,1743.41,1129,2020-01-07T02:00:00+00:00,2020-01-07T03:00:00+00:00
XAUUSD,MT5,1743.41,1763.67,1707.03,1727.28,1387,2020-01-07T03:00:00+00:00,2020-01-07T04:00:00+00:00
XAUUSD,MT5,1727.28,1736.15,1714.58,1723.45,1461,2020-01-07T04:00:00+00:00,2020-01-07T05:00:00+00:00
XAUUSD,MT5,1723.45,1764.45,1710.02,1751.03,1736,2020-01-07T05:00:00+00:00,2020-01-07T06:00:00+00:00
XAUUSD,MT5,1751.03,1756.23,1749.76,1754.96,1074,2020-01-07T06:00:00+00:00,2020-01-07T07:00:00+00:00
XAUUSD,MT5,1754.96,1784.90,1720.65,1750.59,1186,2020-01-07T07:00:00+00:00,2020-01-07T08:00:00+00:00
XAUUSD,MT5,1750.59,1769.94,1704.07,1723.41,1835,2020-01-07T08:00:00+00:00,2020-01-07T09:00:00+00:00
XAUUSD,MT5,1723.41,1741.83,1662.05,1680.47,1619,2020-01-07T09:00:00+00:00,2020-01-07T10:00:00+00:00
XAUUSD,MT5,1680.47,1684.01,1664.53,1668.07,1096,2020-01-07T10:00:00+00:00,2020-01-07T11:00:00+00:00
XAUUSD,MT5,1668.07,1682.32,1652.29,1666.54,1916,2020-01-07T11:00:00+00:00,2020-01-07T12:00:00+00:00
XAUUSD,MT5,1666.54,1725.50,1652.17,1711.13,1836,2020-01-07T12:00:00+00:00,2020-01-07T13:00:00+00:00
XAUUSD,MT5,1711.13,1715.03,1710.38,1714.28,1653,2020-01-07T13:00:00+00:00,2020-01-07T14:00:00+00:00
XAUUSD,MT5,1714.28,1746.71,1707.13,1739.55,1182,2020-01-07T14:00:00+00:00,2020-01-07T15:00:00+00:00
XAUUSD,MT5,1739.55,1743.15,1722.77,1726.37,965,2020-01-07T15:00:00+00:00,2020-01-07T16:00:00+00:00
XAUUSD,MT5,1726.37,1728.38,1693.76,1695.77,1919,2020-01-07T16:00:00+00:00,2020-01-07T17:00:00+00:00
XAUUSD,MT5,1695.77,1705.88,1661.09,1671.21,1025,2020-01-07T17:00:00+00:00,2020-01-07T18:00:00+00:00
XAUUSD,MT5,1671.21,1691.29,1632.86,1652.94,1647,2020-01-07T18:00:00+00:00,2020-01-07T19:00:00+00:00
XAUUSD,MT5,1652.94,1719.19,1640.12,1706.37,1544,2020-01-07T19:00:00+00:00,2020-01-07T20:00:00+00:00
XAUUSD,MT5,1706.37,1721.39,1670.28,1685.29,1076,2020-01-07T20:00:00+00:00,2020-01-07T21:00:00+00:00
XAUUSD,MT5,1685.29,1730.23,1661.49,1706.43,1508,2020-01-07T21:00:00+00:00,2020-01-07T22:00:00+00:00
XAUUSD,MT5,1706.43,1707.68,1682.03,1683.28,1136,2020-01-07T22:00:00+00:00,2020-01-07T23:00:00+00:00
XAUUSD,MT5,1683.28,1729.79,1660.27,1706.78,1824,2020-01-07T23:00:00+00:00,2020-01-08T00:00:00+00:00
XAUUSD,MT5,1706.78,1723.11,1700.13,1716.47,1876,2020-01-08T00:00:00+00:00,2020-01-08T01:00:00+00:00
XAUUSD,MT5,1716.47,1727.94,1700.78,1712.25,1727,2020-01-08T01:00:00+00:00,2020-01-08T02:00:00+00:00
XAUUSD,MT5,1712.25,1712.39,1710.86,1711.01,1098,2020-01-08T02:00:00+00:00,2020-01-08T03:00:00+00:00
XAUUSD,MT5,1711.01,1723.90,1681.20,1694.09,1902,2020-01-08T03:00:00+00:00,2020-01-08T04:00:00+00:00
XAUUSD,MT5,1694.09,1731.48,1667.89,1705.27,1891,2020-01-08T04:00:00+00:00,2020-01-08T05:00:00+00:00
XAUUSD,MT5,1705.27,1719.70,1679.06,1693.49,1981,2020-01-08T05:00:00+00:00,2020-01-08T06:00:00+00:00
XAUUSD,MT5,1693.49,1704.97,1650.97,1662.45,978,2020-01-08T06:00:00+00:00,2020-01-08T07:00:00+00:00
XAUUSD,MT5,1662.45,1670.27,1622.88,1630.70,1182,2020-01-08T07:00:00+00:00,2020-01-08T08:00:00+00:00
XAUUSD,MT5,1630.70,1640.17,1625.28,1634.75,1155,2020-01-08T08:00:00+00:00,2020-01-08T09:00:00+00:00
XAUUSD,MT5,1634.75,1681.72,1626.77,1673.74,1059,2020-01-08T09:00:00+00:00,2020-01-08T10:00:00+00:00
XAUUSD,MT5,1673.74,1686.88,1664.43,1677.57,1787,2020-01-08T10:00:00+00:00,2020-01-08T11:00:00+00:00
XAUUSD,MT5,1677.57,1681.85,1670.12,1674.40,893,2020-01-08T11:00:00+00:00,2020-01-08T12:00:00+00:00
XAUUSD,MT5,1674.40,1703.90,1651.91,1681.41,1260,2020-01-08T12:00:00+00:00,2020-01-08T13:00:00+00:00
XAUUSD,MT5,1681.41,1721.63,1674.26,1714.48,822,2020-01-08T13:00:00+00:00,2020-01-08T14:00:00+00:00
XAUUSD,MT5,1714.48,1736.45,1697.97,1719.94,1814,2020-01-08T14:00:00+00:00,2020-01-08T15:00:00+00:00
XAUUSD,MT5,1719.94,1742.10,1687.01,1709.17,1649,2020-01-08T15:00:00+00:00,2020-01-08T16:00:00+00:00
XAUUSD,MT5,1709.17,1755.29,1691.46,1737.58,949,2020-01-08T16:00:00+00:00,2020-01-08T17:00:00+00:00
XAUUSD,MT5,1737.58,1766.31,1719.87,1748.59,1868,2020-01-08T17:00:00+00:00,2020-01-08T18:00:00+00:00
XAUUSD,MT5,1748.59,1789.30,1748.43,1789.14,1731,2020-01-08T18:00:00+00:00,2020-01-08T19:00:00+00:00
XAUUSD,MT5,1789.14,1808.57,1774.43,1793.86,972,2020-01-08T19:00:00+00:00,2020-01-08T20:00:00+00:00
XAUUSD,MT5,1793.86,1799.11,1755.77,1761.02,1753,2020-01-08T20:00:00+00:00,2020-01-08T21:00:00+00:00
XAUUSD,MT5,1761.02,1777.87,1708.20,1725.05,1408,2020-01-08T21:00:00+00:00,2020-01-08T22:00:00+00:00
XAUUSD,MT5,1725.05,1768.78,1724.37,1768.10,1908,2020-01-08T22:00:00+00:00,2020-01-08T23:00:00+00:00
XAUUSD,MT5,1768.10,1838.67,1743.65,1814.21,819,2020-01-08T23:00:00+00:00,2020-01-09T00:00:00+00:00
XAUUSD,MT5,1814.21,1826.34,1797.00,1809.13,1265,2020-01-09T00:00:00+00:00,2020-01-09T01:00:00+00:00
XAUUSD,MT5,1809.13,1812.48,1795.20,1798.56,952,2020-01-09T01:00:00+00:00,2020-01-09T02:00:00+00:00
XAUUSD,MT5,1798.56,1838.82,1797.95,1838.21,1298,2020-01-09T02:00:00+00:00,2020-01-09T03:00:00+00:00
XAUUSD,MT5,1838.21,1852.89,1793.06,1807.74,1443,2020-01-09T03:00:00+00:00,2020-01-09T04:00:00+00:00
XAUUSD,MT5,1807.74,1809.76,1781.42,1783.44,1665,2020-01-09T04:00:00+00:00,2020-01-09T05:00:00+00:00
XAUUSD,MT5,1783.44,1817.41,1766.55,1800.53,860,2020-01-09T05:00:00+00:00,2020-01-09T06:00:00+00:00
XAUUSD,MT5,1800.53,1807.39,1782.84,1789.70,1212,2020-01-09T06:00:00+00:00,2020-01-09T07:00:00+00:00
XAUUSD,MT5,1789.70,1813.68,1765.38,1789.36,1596,2020-01-09T07:00:00+00:00,2020-01-09T08:00:00+00:00
XAUUSD,MT5,1789.36,1791.00,1783.14,1784.78,862,2020-01-09T08:00:00+00:00,2020-01-09T09:00:00+00:00
XAUUSD,MT5,1784.78,1807.89,1770.53,1793.64,1514,2020-01-09T09:00:00+00:00,2020-01-09T10:00:00+00:00
XAUUSD,MT5,1793.64,1845.80,1779.55,1831.70,1806,2020-01-09T10:00:00+00:00,2020-01-09T11:00:00+00:00
XAUUSD,MT5,1831.70,1845.61,1820.08,1833.99,1104,2020-01-09T11:00:00+00:00,2020-01-09T12:00:00+00:00
XAUUSD,MT5,1833.99,1866.63,1818.94,1851.58,1430,2020-01-09T12:00:00+00:00,2020-01-09T13:00:00+00:00
XAUUSD,MT5,1851.58,1856.69,1790.20,1795.30,1275,2020-01-09T13:00:00+00:00,2020-01-09T14:00:00+00:00
XAUUSD,MT5,1795.30,1812.62,1776.47,1793.79,1715,2020-01-09T14:00:00+00:00,2020-01-09T15:00:00+00:00
XAUUSD,MT5,1793.79,1795.55,1769.29,1771.04,1480,2020-01-09T15:00:00+00:00,2020-01-09T16:00:00+00:00
XAUUSD,MT5,1771.04,1787.27,1722.54,1738.76,979,2020-01-09T16:00:00+00:00,2020-01-09T17:00:00+00:00
XAUUSD,MT5,1738.76,1741.56,1713.02,1715.82,1303,2020-01-09T17:00:00+00:00,2020-01-09T18:00:00+00:00
XAUUSD,MT5,1715.82,1718.41,1704.46,1707.05,842,2020-01-09T18:00:00+00:00,2020-01-09T19:00:00+00:00
XAUUSD,MT5,1707.05,1733.75,1703.77,1730.47,1755,2020-01-09T19:00:00+00:00,2020-01-09T20:00:00+00:00
XAUUSD,MT5,1730.47,1736.88,1689.78,1696.19,1927,2020-01-09T20:00:00+00:00,2020-01-09T21:00:00+00:00
XAUUSD,MT5,1696.19,1700.74,1692.22,1696.78,912,2020-01-09T21:00:00+00:00,2020-01-09T22:00:00+00:00
XAUUSD,MT5,1696.78,1701.85,1679.23,1684.31,992,2020-01-09T22:00:00+00:00,2020-01-09T23:00:00+00:00
XAUUSD,MT5,1684.31,1687.74,1672.43,1675.86,1619,2020-01-09T23:00:00+00:00,2020-01-10T00:00:00+00:00
XAUUSD,MT5,1675.86,1715.61,1661.32,1701.07,1118,2020-01-10T00:00:00+00:00,2020-01-10T01:00:00+00:00
XAUUSD,MT5,1701.07,1733.15,1682.58,1714.66,1014,2020-01-10T01:00:00+00:00,2020-01-10T02:00:00+00:00
XAUUSD,MT5,1714.66,1764.46,1699.42,1749.21,1211,2020-01-10T02:00:00+00:00,2020-01-10T03:00:00+00:00
XAUUSD,MT5,1749.21,1773.58,1720.60,1744.96,1363,2020-01-10T03:00:00+00:00,2020-01-10T04:00:00+00:00
XAUUSD,MT5,1744.96,1745.34,1726.27,1726.65,1575,2020-01-10T04:00:00+00:00,2020-01-10T05:00:00+00:00
XAUUSD,MT5,1726.65,1728.17,1719.15,1720.67,1254,2020-01-10T05:00:00+00:00,2020-01-10T06:00:00+00:00
XAUUSD,MT5,1720.67,1742.47,1704.94,1726.74,1583,2020-01-10T06:00:00+00:00,2020-01-10T07:00:00+00:00
XAUUSD,MT5,1726.74,1736.27,1721.60,1731.13,1677,2020-01-10T07:00:00+00:00,2020-01-10T08:00:00+00:00
XAUUSD,MT5,1731.13,1751.07,1683.06,1703.01,1333,2020-01-10T08:00:00+00:00,2020-01-10T09:00:00+00:00
XAUUSD,MT5,1703.01,1709.98,1698.15,1705.13,925,2020-01-10T09:00:00+00:00,2020-01-10T10:00:00+00:00
XAUUSD,MT5,1705.13,1720.44,1695.47,1710.78,1833,2020-01-10T10:00:00+00:00,2020-01-10T11:00:00+00:00
XAUUSD,MT5,1710.78,1780.77,1706.44,1776.42,1757,2020-01-10T11:00:00+00:00,2020-01-10T12:00:00+00:00
XAUUSD,MT5,1776.42,1846.50,1756.86,1826.94,1317,2020-01-10T12:00:00+00:00,2020-01-10T13:00:00+00:00
XAUUSD,MT5,1826.94,1831.48,1798.96,1803.50,1692,2020-01-10T13:00:00+00:00,2020-01-10T14:00:00+00:00
XAUUSD,MT5,1803.50,1829.15,1769.89,1795.54,1985,2020-01-10T14:00:00+00:00,2020-01-10T15:00:00+00:00
XAUUSD,MT5,1795.54,1818.64,1733.26,1756.36,1252,2020-01-10T15:00:00+00:00,2020-01-10T16:00:00+00:00
XAUUSD,MT5,1756.36,1757.57,1739.45,1740.67,1554,2020-01-10T16:00:00+00:00,2020-01-10T17:00:00+00:00
XAUUSD,MT5,1740.67,1753.52,1735.87,1748.73,1273,2020-01-10T17:00:00+00:00,2020-01-10T18:00:00+00:00
XAUUSD,MT5,1748.73,1822.90,1706.28,1780.45,1485,2020-01-10T18:00:00+00:00,2020-01-10T19:00:00+00:00
XAUUSD,MT5,1780.45,1789.79,1751.54,1760.89,1497,2020-01-10T19:00:00+00:00,2020-01-10T20:00:00+00:00
XAUUSD,MT5,1760.89,1773.56,1730.82,1743.50,1490,2020-01-10T20:00:00+00:00,2020-01-10T21:00:00+00:00
XAUUSD,MT5,1743.50,1749.70,1681.84,1688.04,1922,2020-01-10T21:00:00+00:00,2020-01-10T22:00:00+00:00
XAUUSD,MT5,1688.04,1699.52,1672.27,1683.74,1205,2020-01-10T22:00:00+00:00,2020-01-10T23:00:00+00:00
XAUUSD,MT5,1683.74,1687.20,1653.47,1656.93,1252,2020-01-10T23:00:00+00:00,2020-01-11T00:00:00+00:00
XAUUSD,MT5,1656.93,1657.11,1643.47,1643.64,1198,2020-01-11T00:00:00+00:00,2020-01-11T01:00:00+00:00
XAUUSD,MT5,1643.64,1648.81,1616.81,1621.98,995,2020-01-11T01:00:00+00:00,2020-01-11T02:00:00+00:00
XAUUSD,MT5,1621.98,1645.51,1595.98,1619.51,828,2020-01-11T02:00:00+00:00,2020-01-11T03:00:00+00:00
XAUUSD,MT5,1619.51,1631.13,1565.57,1577.19,1945,2020-01-11T03:00:00+00:00,2020-01-11T04:00:00+00:00
XAUUSD,MT5,1577.19,1593.88,1526.00,1542.69,1367,2020-01-11T04:00:00+00:00,2020-01-11T05:00:00+00:00
XAUUSD,MT5,1542.69,1593.58,1541.69,1592.58,1704,2020-01-11T05:00:00+00:00,2020-01-11T06:00:00+00:00
XAUUSD,MT5,1592.58,1600.70,1553.82,1561.94,1373,2020-01-11T06:00:00+00:00,2020-01-11T07:00:00+00:00
XAUUSD,MT5,1561.94,1577.41,1520.82,1536.28,1042,2020-01-11T07:00:00+00:00,2020-01-11T08:00:00+00:00
XAUUSD,MT5,1536.28,1583.84,1531.46,1579.02,868,2020-01-11T08:00:00+00:00,2020-01-11T09:00:00+00:00
XAUUSD,MT5,1579.02,1649.74,1578.45,1649.17,1362,2020-01-11T09:00:00+00:00,2020-01-11T10:00:00+00:00
XAUUSD,MT5,1649.17,1652.55,1616.87,1620.25,810,2020-01-11T10:00:00+00:00,2020-01-11T11:00:00+00:00
XAUUSD,MT5,1620.25,1629.01,1602.40,1611.15,1377,2020-01-11T11:00:00+00:00,2020-01-11T12:00:00+00:00
XAUUSD,MT5,1611.15,1620.01,1610.38,1619.24,1608,2020-01-11T12:00:00+00:00,2020-01-11T13:00:00+00:00
XAUUSD,MT5,1619.24,1686.00,1594.83,1661.59,1394,2020-01-11T13:00:00+00:00,2020-01-11T14:00:00+00:00
XAUUSD,MT5,1661.59,1661.74,1636.84,1636.99,962,2020-01-11T14:00:00+00:00,2020-01-11T15:00:00+00:00
XAUUSD,MT5,1636.99,1638.26,1629.53,1630.80,1153,2020-01-11T15:00:00+00:00,2020-01-11T16:00:00+00:00
XAUUSD,MT5,1630.80,1650.08,1630.45,1649.74,1727,2020-01-11T16:00:00+00:00,2020-01-11T17:00:00+00:00
XAUUSD,MT5,1649.74,1672.15,1637.94,1660.34,1881,2020-01-11T17:00:00+00:00,2020-01-11T18:00:00+00:00
XAUUSD,MT5,1660.34,1674.10,1637.06,1650.82,1225,2020-01-11T18:00:00+00:00,2020-01-11T19:00:00+00:00
XAUUSD,MT5,1650.82,1664.33,1633.81,1647.32,1943,2020-01-11T19:00:00+00:00,2020-01-11T20:00:00+00:00
XAUUSD,MT5,1647.32,1650.82,1610.02,1613.51,1929,2020-01-11T20:00:00+00:00,2020-01-11T21:00:00+00:00
XAUUSD,MT5,1613.51,1618.72,1602.38,1607.58,1165,2020-01-11T21:00:00+00:00,2020-01-11T22:00:00+00:00
XAUUSD,MT5,1607.58,1637.62,1570.95,1600.99,1779,2020-01-11T22:00:00+00:00,2020-01-11T23:00:00+00:00
XAUUSD,MT5,1600.99,1616.43,1590.95,1606.39,1814,2020-01-11T23:00:00+00:00,2020-01-12T00:00:00+00:00
XAUUSD,MT5,1606.39,1613.06,1586.23,1592.89,1425,2020-01-12T00:00:00+00:00,2020-01-12T01:00:00+00:00
XAUUSD,MT5,1592.89,1604.48,1592.42,1604.01,998,2020-01-12T01:00:00+00:00,2020-01-12T02:00:00+00:00
XAUUSD,MT5,1604.01,1632.19,1600.21,1628.38,928,2020-01-12T02:00:00+00:00,2020-01-12T03:00:00+00:00
XAUUSD,MT5,1628.38,1640.28,1620.11,1632.00,1822,2020-01-12T03:00:00+00:00,2020-01-12T04:00:00+00:00
XAUUSD,MT5,1632.00,1651.06,1621.39,1640.45,1687,2020-01-12T04:00:00+00:00,2020-01-12T05:00:00+00:00
XAUUSD,MT5,1640.45,1660.48,1621.54,1641.57,1155,2020-01-12T05:00:00+00:00,2020-01-12T06:00:00+00:00
XAUUSD,MT5,1641.57,1646.37,1636.59,1641.39,933,2020-01-12T06:00:00+00:00,2020-01-12T07:00:00+00:00
XAUUSD,MT5,1641.39,1643.19,1621.74,1623.54,1712,2020-01-12T07:00:00+00:00,2020-01-12T08:00:00+00:00
XAUUSD,MT5,1623.54,1650.51,1604.11,1631.08,1524,2020-01-12T08:00:00+00:00,2020-01-12T09:00:00+00:00
XAUUSD,MT5,1631.08,1656.25,1603.36,1628.52,1929,2020-01-12T09:00:00+00:00,2020-01-12T10:00:00+00:00
XAUUSD,MT5,1628.52,1683.11,1625.68,1680.27,1672,2020-01-12T10:00:00+00:00,2020-01-12T11:00:00+00:00
XAUUSD,MT5,1680.27,1721.11,1679.37,1720.21,920,2020-01-12T11:00:00+00:00,2020-01-12T12:00:00+00:00
XAUUSD,MT5,1720.21,1743.96,1706.24,1730.00,1541,2020-01-12T12:00:00+00:00,2020-01-12T13:00:00+00:00
XAUUSD,MT5,1730.00,1735.09,1705.02,1710.12,1015,2020-01-12T13:00:00+00:00,2020-01-12T14:00:00+00:00
XAUUSD,MT5,1710.12,1717.12,1674.62,1681.63,1022,2020-01-12T14:00:00+00:00,2020-01-12T15:00:00+00:00
XAUUSD,MT5,1681.63,1724.43,1668.95,1711.75,1094,2020-01-12T15:00:00+00:00,2020-01-12T16:00:00+00:00
XAUUSD,MT5,1711.75,1733.24,1696.83,1718.32,1489,2020-01-12T16:00:00+00:00,2020-01-12T17:00:00+00:00
XAUUSD,MT5,1718.32,1743.04,1705.82,1730.54,1849,2020-01-12T17:00:00+00:00,2020-01-12T18:00:00+00:00
XAUUSD,MT5,1730.54,1737.24,1678.96,1685.65,1663,2020-01-12T18:00:00+00:00,2020-01-12T19:00:00+00:00
XAUUSD,MT5,1685.65,1733.18,1661.55,1709.08,1098,2020-01-12T19:00:00+00:00,2020-01-12T20:00:00+00:00
XAUUSD,MT5,1709.08,1724.67,1704.97,1720.57,843,2020-01-12T20:00:00+00:00,2020-01-12T21:00:00+00:00
XAUUSD,MT5,1720.57,1722.09,1690.45,1691.96,1928,2020-01-12T21:00:00+00:00,2020-01-12T22:00:00+00:00
XAUUSD,MT5,1691.96,1699.16,1672.65,1679.85,1194,2020-01-12T22:00:00+00:00,2020-01-12T23:00:00+00:00
XAUUSD,MT5,1679.85,1710.12,1656.04,1686.32,1421,2020-01-12T23:00:00+00:00,2020-01-13T00:00:00+00:00
XAUUSD,MT5,1686.32,1689.60,1684.17,1687.45,1271,2020-01-13T00:00:00+00:00,2020-01-13T01:00:00+00:00
XAUUSD,MT5,1687.45,1690.38,1676.96,1679.89,1443,2020-01-13T01:00:00+00:00,2020-01-13T02:00:00+00:00
XAUUSD,MT5,1679.89,1680.84,1676.14,1677.09,1231,2020-01-13T02:00:00+00:00,2020-01-13T03:00:00+00:00
XAUUSD,MT5,1677.09,1682.71,1664.96,1670.58,950,2020-01-13T03:00:00+00:00,2020-01-13T04:00:00+00:00
XAUUSD,MT5,1670.58,1688.85,1655.94,1674.21,1801,2020-01-13T04:00:00+00:00,2020-01-13T05:00:00+00:00
XAUUSD,MT5,1674.21,1715.36,1670.24,1711.39,1943,2020-01-13T05:00:00+00:00,2020-01-13T06:00:00+00:00
XAUUSD,MT5,1711.39,1718.67,1639.29,1646.57,1951,2020-01-13T06:00:00+00:00,2020-01-13T07:00:00+00:00
XAUUSD,MT5,1646.57,1647.65,1639.46,1640.54,1049,2020-01-13T07:00:00+00:00,2020-01-13T08:00:00+00:00
XAUUSD,MT5,1640.54,1656.31,1628.94,1644.71,1256,2020-01-13T08:00:00+00:00,2020-01-13T09:00:00+00:00
XAUUSD,MT5,1644.71,1654.46,1642.08,1651.84,942,2020-01-13T09:00:00+00:00,2020-01-13T10:00:00+00:00
XAUUSD,MT5,1651.84,1662.76,1631.55,1642.46,1898,2020-01-13T10:00:00+00:00,2020-01-13T11:00:00+00:00
XAUUSD,MT5,1642.46,1656.86,1585.17,1599.57,1529,2020-01-13T11:00:00+00:00,2020-01-13T12:00:00+00:00
XAUUSD,MT5,1599.57,1610.77,1596.08,1607.28,1434,2020-01-13T12:00:00+00:00,2020-01-13T13:00:00+00:00
XAUUSD,MT5,1607.28,1653.44,1603.12,1649.28,1438,2020-01-13T13:00:00+00:00,2020-01-13T14:00:00+00:00
XAUUSD,MT5,1649.28,1684.70,1576.17,1611.59,971,2020-01-13T14:00:00+00:00,2020-01-13T15:00:00+00:00
XAUUSD,MT5,1611.59,1677.09,1566.92,1632.42,1781,2020-01-13T15:00:00+00:00,2020-01-13T16:00:00+00:00
XAUUSD,MT5,1632.42,1653.42,1603.22,1624.21,1807,2020-01-13T16:00:00+00:00,2020-01-13T17:00:00+00:00
XAUUSD,MT5,1624.21,1630.03,1616.73,1622.54,983,2020-01-13T17:00:00+00:00,2020-01-13T18:00:00+00:00
XAUUSD,MT5,1622.54,1636.46,1583.01,1596.93,1470,2020-01-13T18:00:00+00:00,2020-01-13T19:00:00+00:00
XAUUSD,MT5,1596.93,1613.27,1572.43,1588.76,860,2020-01-13T19:00:00+00:00,2020-01-13T20:00:00+00:00
XAUUSD,MT5,1588.76,1625.75,1582.88,1619.87,1589,2020-01-13T20:00:00+00:00,2020-01-13T21:00:00+00:00
XAUUSD,MT5,1619.87,1633.93,1619.84,1633.90,1547,2020-01-13T21:00:00+00:00,2020-01-13T22:00:00+00:00
XAUUSD,MT5,1633.90,1681.86,1628.77,1676.73,1792,2020-01-13T22:00:00+00:00,2020-01-13T23:00:00+00:00
XAUUSD,MT5,1676.73,1708.09,1675.05,1706.41,1054,2020-01-13T23:00:00+00:00,2020-01-14T00:00:00+00:00
XAUUSD,MT5,1706.41,1730.41,1693.50,1717.49,1144,2020-01-14T00:00:00+00:00,2020-01-14T01:00:00+00:00
XAUUSD,MT5,1717.49,1763.29,1717.02,1762.82,1566,2020-01-14T01:00:00+00:00,2020-01-14T02:00:00+00:00
XAUUSD,MT5,1762.82,1792.42,1744.66,1774.26,1136,2020-01-14T02:00:00+00:00,2020-01-14T03:00:00+00:00
XAUUSD,MT5,1774.26,1806.23,1764.26,1796.23,1137,2020-01-14T03:00:00+00:00,2020-01-14T04:00:00+00:00
XAUUSD,MT5,1796.23,1808.63,1775.66,1788.06,1757,2020-01-14T04:00:00+00:00,2020-01-14T05:00:00+00:00
XAUUSD,MT5,1788.06,1793.44,1784.26,1789.65,954,2020-01-14T05:00:00+00:00,2020-01-14T06:00:00+00:00
XAUUSD,MT5,1789.65,1791.06,1769.41,1770.82,1396,2020-01-14T06:00:00+00:00,2020-01-14T07:00:00+00:00
XAUUSD,MT5,1770.82,1805.41,1762.51,1797.10,1271,2020-01-14T07:00:00+00:00,2020-01-14T08:00:00+00:00
XAUUSD,MT5,1797.10,1810.34,1752.18,1765.42,1296,2020-01-14T08:00:00+00:00,2020-01-14T09:00:00+00:00
XAUUSD,MT5,1765.42,1800.85,1750.62,1786.06,1671,2020-01-14T09:00:00+00:00,2020-01-14T10:00:00+00:00
XAUUSD,MT5,1786.06,1791.56,1775.25,1780.76,1589,2020-01-14T10:00:00+00:00,2020-01-14T11:00:00+00:00
XAUUSD,MT5,1780.76,1818.15,1774.72,1812.11,1519,2020-01-14T11:00:00+00:00,2020-01-14T12:00:00+00:00
XAUUSD,MT5,1812.11,1838.80,1805.75,1832.43,1430,2020-01-14T12:00:00+00:00,2020-01-14T13:00:00+00:00
XAUUSD,MT5,1832.43,1886.20,1829.19,1882.95,1211,2020-01-14T13:00:00+00:00,2020-01-14T14:00:00+00:00
XAUUSD,MT5,1882.95,1914.00,1872.45,1903.49,1983,2020-01-14T14:00:00+00:00,2020-01-14T15:00:00+00:00
XAUUSD,MT5,1903.49,1912.31,1850.11,1858.92,1815,2020-01-14T15:00:00+00:00,2020-01-14T16:00:00+00:00
XAUUSD,MT5,1858.92,1878.48,1837.29,1856.85,1147,2020-01-14T16:00:00+00:00,2020-01-14T17:00:00+00:00
XAUUSD,MT5,1856.85,1860.99,1820.15,1824.29,1870,2020-01-14T17:00:00+00:00,2020-01-14T18:00:00+00:00
XAUUSD,MT5,1824.29,1830.84,1803.40,1809.96,1006,2020-01-14T18:00:00+00:00,2020-01-14T19:00:00+00:00
XAUUSD,MT5,1809.96,1871.78,1789.42,1851.24,1162,2020-01-14T19:00:00+00:00,2020-01-14T20:00:00+00:00
XAUUSD,MT5,1851.24,1893.97,1826.09,1868.82,1681,2020-01-14T20:00:00+00:00,2020-01-14T21:00:00+00:00
XAUUSD,MT5,1868.82,1870.34,1847.60,1849.12,1686,2020-01-14T21:00:00+00:00,2020-01-14T22:00:00+00:00
XAUUSD,MT5,1849.12,1853.94,1816.20,1821.01,979,2020-01-14T22:00:00+00:00,2020-01-14T23:00:00+00:00
XAUUSD,MT5,1821.01,1823.36,1819.36,1821.71,1663,2020-01-14T23:00:00+00:00,2020-01-15T00:00:00+00:00
XAUUSD,MT5,1821.71,1823.46,1786.81,1788.56,1196,2020-01-15T00:00:00+00:00,2020-01-15T01:00:00+00:00
XAUUSD,MT5,1788.56,1789.35,1769.66,1770.45,1303,2020-01-15T01:00:00+00:00,2020-01-15T02:00:00+00:00
XAUUSD,MT5,1770.45,1788.28,1760.72,1778.55,1635,2020-01-15T02:00:00+00:00,2020-01-15T03:00:00+00:00
XAUUSD,MT5,1778.55,1818.04,1769.95,1809.44,1289,2020-01-15T03:00:00+00:00,2020-01-15T04:00:00+00:00
XAUUSD,MT5,1809.44,1825.87,1809.40,1825.83,1792,2020-01-15T04:00:00+00:00,2020-01-15T05:00:00+00:00
XAUUSD,MT5,1825.83,1834.70,1755.08,1763.95,910,2020-01-15T05:00:00+00:00,2020-01-15T06:00:00+00:00
XAUUSD,MT5,1763.95,1776.80,1758.97,1771.82,1679,2020-01-15T06:00:00+00:00,2020-01-15T07:00:00+00:00
XAUUSD,MT5,1771.82,1778.58,1766.78,1773.54,1595,2020-01-15T07:00:00+00:00,2020-01-15T08:00:00+00:00
XAUUSD,MT5,1773.54,1800.91,1757.01,1784.38,1766,2020-01-15T08:00:00+00:00,2020-01-15T09:00:00+00:00
XAUUSD,MT5,1784.38,1834.83,1777.52,1827.96,1037,2020-01-15T09:00:00+00:00,2020-01-15T10:00:00+00:00
XAUUSD,MT5,1827.96,1849.96,1750.06,1772.06,1701,2020-01-15T10:00:00+00:00,2020-01-15T11:00:00+00:00
XAUUSD,MT5,1772.06,1785.51,1742.77,1756.22,1096,2020-01-15T11:00:00+00:00,2020-01-15T12:00:00+00:00
XAUUSD,MT5,1756.22,1772.35,1755.52,1771.65,1845,2020-01-15T12:00:00+00:00,2020-01-15T13:00:00+00:00
XAUUSD,MT5,1771.65,1776.02,1725.55,1729.92,1130,2020-01-15T13:00:00+00:00,2020-01-15T14:00:00+00:00
XAUUSD,MT5,1729.92,1776.67,1721.70,1768.45,1137,2020-01-15T14:00:00+00:00,2020-01-15T15:00:00+00:00
XAUUSD,MT5,1768.45,1782.26,1764.23,1778.05,1609,2020-01-15T15:00:00+00:00,2020-01-15T16:00:00+00:00
XAUUSD,MT5,1778.05,1806.10,1772.51,1800.57,1952,2020-01-15T16:00:00+00:00,2020-01-15T17:00:00+00:00
XAUUSD,MT5,1800.57,1828.79,1756.79,1785.01,1450,2020-01-15T17:00:00+00:00,2020-01-15T18:00:00+00:00
XAUUSD,MT5,1785.01,1811.67,1780.07,1806.73,1498,2020-01-15T18:00:00+00:00,2020-01-15T19:00:00+00:00
XAUUSD,MT5,1806.73,1836.21,1806.24,1835.72,1532,2020-01-15T19:00:00+00:00,2020-01-15T20:00:00+00:00
XAUUSD,MT5,1835.72,1842.00,1835.65,1841.93,876,2020-01-15T20:00:00+00:00,2020-01-15T21:00:00+00:00
XAUUSD,MT5,1841.93,1864.67,1825.47,1848.21,1184,2020-01-15T21:00:00+00:00,2020-01-15T22:00:00+00:00
XAUUSD,MT5,1848.21,1858.33,1845.39,1855.51,1328,2020-01-15T22:00:00+00:00,2020-01-15T23:00:00+00:00
XAUUSD,MT5,1855.51,1862.18,1824.77,1831.43,1622,2020-01-15T23:00:00+00:00,2020-01-16T00:00:00+00:00
XAUUSD,MT5,1831.43,1838.67,1819.94,1827.18,1640,2020-01-16T00:00:00+00:00,2020-01-16T01:00:00+00:00
XAUUSD,MT5,1827.18,1840.66,1809.32,1822.80,1850,2020-01-16T01:00:00+00:00,2020-01-16T02:00:00+00:00
XAUUSD,MT5,1822.80,1840.77,1815.13,1833.10,1011,2020-01-16T02:00:00+00:00,2020-01-16T03:00:00+00:00
XAUUSD,MT5,1833.10,1870.05,1823.65,1860.59,1923,2020-01-16T03:00:00+00:00,2020-01-16T04:00:00+00:00
XAUUSD,MT5,1860.59,1873.71,1817.97,1831.08,1827,2020-01-16T04:00:00+00:00,2020-01-16T05:00:00+00:00
XAUUSD,MT5,1831.08,1840.65,1817.87,1827.44,1453,2020-01-16T05:00:00+00:00,2020-01-16T06:00:00+00:00
XAUUSD,MT5,1827.44,1869.72,1826.01,1868.30,1775,2020-01-16T06:00:00+00:00,2020-01-16T07:00:00+00:00
XAUUSD,MT5,1868.30,1880.20,1835.46,1847.37,1200,2020-01-16T07:00:00+00:00,2020-01-16T08:00:00+00:00
XAUUSD,MT5,1847.37,1854.72,1817.16,1824.52,1945,2020-01-16T08:00:00+00:00,2020-01-16T09:00:00+00:00
XAUUSD,MT5,1824.52,1842.97,1811.40,1829.85,1908,2020-01-16T09:00:00+00:00,2020-01-16T10:00:00+00:00
XAUUSD,MT5,1829.85,1859.05,1823.77,1852.97,825,2020-01-16T10:00:00+00:00,2020-01-16T11:00:00+00:00
XAUUSD,MT5,1852.97,1855.92,1850.13,1853.08,1693,2020-01-16T11:00:00+00:00,2020-01-16T12:00:00+00:00
XAUUSD,MT5,1853.08,1891.73,1851.52,1890.18,926,2020-01-16T12:00:00+00:00,2020-01-16T13:00:00+00:00
XAUUSD,MT5,1890.18,1934.19,1870.40,1914.41,1376,2020-01-16T13:00:00+00:00,2020-01-16T14:00:00+00:00
XAUUSD,MT5,1914.41,1959.92,1893.01,1938.52,1527,2020-01-16T14:00:00+00:00,2020-01-16T15:00:00+00:00
XAUUSD,MT5,1938.52,1960.51,1932.49,1954.48,1573,2020-01-16T15:00:00+00:00,2020-01-16T16:00:00+00:00
XAUUSD,MT5,1954.48,2025.49,1952.68,2023.70,1354,2020-01-16T16:00:00+00:00,2020-01-16T17:00:00+00:00
XAUUSD,MT5,2023.70,2026.02,2014.93,2017.25,1503,2020-01-16T17:00:00+00:00,2020-01-16T18:00:00+00:00
XAUUSD,MT5,2017.25,2038.60,1935.96,1957.31,1588,2020-01-16T18:00:00+00:00,2020-01-16T19:00:00+00:00
XAUUSD,MT5,1957.31,2021.78,1940.29,2004.76,1779,2020-01-16T19:00:00+00:00,2020-01-16T20:00:00+00:00
XAUUSD,MT5,2004.76,2014.38,1981.19,1990.82,1239,2020-01-16T20:00:00+00:00,2020-01-16T21:00:00+00:00
XAUUSD,MT5,1990.82,2009.85,1974.79,1993.82,809,2020-01-16T21:00:00+00:00,2020-01-16T22:00:00+00:00
XAUUSD,MT5,1993.82,2040.08,1986.88,2033.14,961,2020-01-16T22:00:00+00:00,2020-01-16T23:00:00+00:00
XAUUSD,MT5,2033.14,2034.29,1983.48,1984.63,1807,2020-01-16T23:00:00+00:00,2020-01-17T00:00:00+00:00
XAUUSD,MT5,1984.63,1987.51,1944.63,1947.50,1525,2020-01-17T00:00:00+00:00,2020-01-17T01:00:00+00:00
XAUUSD,MT5,1947.50,1950.77,1897.80,1901.07,938,2020-01-17T01:00:00+00:00,2020-01-17T02:00:00+00:00
XAUUSD,MT5,1901.07,1923.51,1855.91,1878.34,1143,2020-01-17T02:00:00+00:00,2020-01-17T03:00:00+00:00
XAUUSD,MT5,1878.34,1893.78,1875.13,1890.56,1031,2020-01-17T03:00:00+00:00,2020-01-17T04:00:00+00:00
XAUUSD,MT5,1890.56,1924.12,1871.71,1905.27,1281,2020-01-17T04:00:00+00:00,2020-01-17T05:00:00+00:00
XAUUSD,MT5,1905.27,1921.38,1896.85,1912.97,1543,2020-01-17T05:00:00+00:00,2020-01-17T06:00:00+00:00
XAUUSD,MT5,1912.97,1933.12,1852.48,1872.64,1559,2020-01-17T06:00:00+00:00,2020-01-17T07:00:00+00:00
XAUUSD,MT5,1872.64,1874.70,1806.61,1808.66,883,2020-01-17T07:00:00+00:00,2020-01-17T08:00:00+00:00
XAUUSD,MT5,1808.66,1815.81,1802.79,1809.93,1099,2020-01-17T08:00:00+00:00,2020-01-17T09:00:00+00:00
XAUUSD,MT5,1809.93,1811.42,1795.48,1796.97,1124,2020-01-17T09:00:00+00:00,2020-01-17T10:00:00+00:00
XAUUSD,MT5,1796.97,1814.73,1791.43,1809.19,1343,2020-01-17T10:00:00+00:00,2020-01-17T11:00:00+00:00
XAUUSD,MT5,1809.19,1849.30,1788.02,1828.13,934,2020-01-17T11:00:00+00:00,2020-01-17T12:00:00+00:00
XAUUSD,MT5,1828.13,1840.70,1819.16,1831.72,986,2020-01-17T12:00:00+00:00,2020-01-17T13:00:00+00:00
XAUUSD,MT5,1831.72,1860.80,1823.44,1852.52,1308,2020-01-17T13:00:00+00:00,2020-01-17T14:00:00+00:00
XAUUSD,MT5,1852.52,1858.81,1852.40,1858.69,1154,2020-01-17T14:00:00+00:00,2020-01-17T15:00:00+00:00
XAUUSD,MT5,1858.69,1875.85,1856.16,1873.32,1623,2020-01-17T15:00:00+00:00,2020-01-17T16:00:00+00:00
XAUUSD,MT5,1873.32,1882.44,1844.29,1853.41,828,2020-01-17T16:00:00+00:00,2020-01-17T17:00:00+00:00
XAUUSD,MT5,1853.41,1854.34,1847.29,1848.22,1999,2020-01-17T17:00:00+00:00,2020-01-17T18:00:00+00:00
XAUUSD,MT5,1848.22,1875.42,1826.26,1853.47,1620,2020-01-17T18:00:00+00:00,2020-01-17T19:00:00+00:00
XAUUSD,MT5,1853.47,1889.91,1839.77,1876.21,1673,2020-01-17T19:00:00+00:00,2020-01-17T20:00:00+00:00
XAUUSD,MT5,1876.21,1893.59,1847.58,1864.96,1156,2020-01-17T20:00:00+00:00,2020-01-17T21:00:00+00:00
XAUUSD,MT5,1864.96,1888.04,1856.30,1879.38,1353,2020-01-17T21:00:00+00:00,2020-01-17T22:00:00+00:00
XAUUSD,MT5,1879.38,1887.78,1863.29,1871.69,1242,2020-01-17T22:00:00+00:00,2020-01-17T23:00:00+00:00
XAUUSD,MT5,1871.69,1887.07,1852.81,1868.18,1606,2020-01-17T23:00:00+00:00,2020-01-18T00:00:00+00:00
XAUUSD,MT5,1868.18,1901.30,1858.24,1891.36,1617,2020-01-18T00:00:00+00:00,2020-01-18T01:00:00+00:00
XAUUSD,MT5,1891.36,1902.30,1824.51,1835.45,1798,2020-01-18T01:00:00+00:00,2020-01-18T02:00:00+00:00
XAUUSD,MT5,1835.45,1853.04,1782.30,1799.90,1273,2020-01-18T02:00:00+00:00,2020-01-18T03:00:00+00:00
XAUUSD,MT5,1799.90,1819.53,1740.49,1760.12,1185,2020-01-18T03:00:00+00:00,2020-01-18T04:00:00+00:00
XAUUSD,MT5,1760.12,1763.59,1695.92,1699.39,1000,2020-01-18T04:00:00+00:00,2020-01-18T05:00:00+00:00
XAUUSD,MT5,1699.39,1702.42,1678.96,1681.99,1389,2020-01-18T05:00:00+00:00,2020-01-18T06:00:00+00:00
XAUUSD,MT5,1681.99,1702.12,1680.69,1700.82,1483,2020-01-18T06:00:00+00:00,2020-01-18T07:00:00+00:00
XAUUSD,MT5,1700.82,1715.22,1678.98,1693.37,1854,2020-01-18T07:00:00+00:00,2020-01-18T08:00:00+00:00
XAUUSD,MT5,1693.37,1702.82,1688.77,1698.22,1169,2020-01-18T08:00:00+00:00,2020-01-18T09:00:00+00:00
XAUUSD,MT5,1698.22,1738.79,1685.42,1725.99,1440,2020-01-18T09:00:00+00:00,2020-01-18T10:00:00+00:00
XAUUSD,MT5,1725.99,1766.46,1720.05,1760.52,1072,2020-01-18T10:00:00+00:00,2020-01-18T11:00:00+00:00
XAUUSD,MT5,1760.52,1770.40,1748.60,1758.49,800,2020-01-18T11:00:00+00:00,2020-01-18T12:00:00+00:00
XAUUSD,MT5,1758.49,1797.53,1755.32,1794.36,918,2020-01-18T12:00:00+00:00,2020-01-18T13:00:00+00:00
XAUUSD,MT5,1794.36,1800.28,1790.72,1796.64,841,2020-01-18T13:00:00+00:00,2020-01-18T14:00:00+00:00
XAUUSD,MT5,1796.64,1820.21,1750.44,1774.01,1210,2020-01-18T14:00:00+00:00,2020-01-18T15:00:00+00:00
XAUUSD,MT5,1774.01,1777.23,1754.85,1758.07,1001,2020-01-18T15:00:00+00:00,2020-01-18T16:00:00+00:00
XAUUSD,MT5,1758.07,1785.11,1692.22,1719.26,1122,2020-01-18T16:00:00+00:00,2020-01-18T17:00:00+00:00
XAUUSD,MT5,1719.26,1722.61,1692.97,1696.32,1787,2020-01-18T17:00:00+00:00,2020-01-18T18:00:00+00:00
XAUUSD,MT5,1696.32,1705.00,1678.37,1687.04,852,2020-01-18T18:00:00+00:00,2020-01-18T19:00:00+00:00
XAUUSD,MT5,1687.04,1709.42,1684.93,1707.31,911,2020-01-18T19:00:00+00:00,2020-01-18T20:00:00+00:00
XAUUSD,MT5,1707.31,1768.68,1690.38,1751.75,1505,2020-01-18T20:00:00+00:00,2020-01-18T21:00:00+00:00
XAUUSD,MT5,1751.75,1752.23,1715.14,1715.62,1108,2020-01-18T21:00:00+00:00,2020-01-18T22:00:00+00:00
XAUUSD,MT5,1715.62,1726.71,1714.47,1725.56,1446,2020-01-18T22:00:00+00:00,2020-01-18T23:00:00+00:00
XAUUSD,MT5,1725.56,1747.46,1676.75,1698.65,1700,2020-01-18T23:00:00+00:00,2020-01-19T00:00:00+00:00
XAUUSD,MT5,1698.65,1740.35,1668.89,1710.59,1293,2020-01-19T00:00:00+00:00,2020-01-19T01:00:00+00:00
XAUUSD,MT5,1710.59,1717.55,1700.09,1707.04,1063,2020-01-19T01:00:00+00:00,2020-01-19T02:00:00+00:00
XAUUSD,MT5,1707.04,1707.22,1660.43,1660.61,1954,2020-01-19T02:00:00+00:00,2020-01-19T03:00:00+00:00
XAUUSD,MT5,1660.61,1689.68,1654.64,1683.71,942,2020-01-19T03:00:00+00:00,2020-01-19T04:00:00+00:00
XAUUSD,MT5,1683.71,1688.51,1663.50,1668.31,994,2020-01-19T04:00:00+00:00,2020-01-19T05:00:00+00:00
XAUUSD,MT5,1668.31,1681.09,1642.03,1654.81,1010,2020-01-19T05:00:00+00:00,2020-01-19T06:00:00+00:00
XAUUSD,MT5,1654.81,1657.06,1626.04,1628.29,1638,2020-01-19T06:00:00+00:00,2020-01-19T07:00:00+00:00
XAUUSD,MT5,1628.29,1631.59,1608.91,1612.21,1988,2020-01-19T07:00:00+00:00,2020-01-19T08:00:00+00:00
XAUUSD,MT5,1612.21,1629.24,1605.37,1622.40,1015,2020-01-19T08:00:00+00:00,2020-01-19T09:00:00+00:00
XAUUSD,MT5,1622.40,1623.75,1616.28,1617.62,1338,2020-01-19T09:00:00+00:00,2020-01-19T10:00:00+00:00
XAUUSD,MT5,1617.62,1625.45,1617.61,1625.43,1943,2020-01-19T10:00:00+00:00,2020-01-19T11:00:00+00:00
XAUUSD,MT5,1625.43,1664.14,1595.40,1634.10,1970,2020-01-19T11:00:00+00:00,2020-01-19T12:00:00+00:00
XAUUSD,MT5,1634.10,1684.33,1616.38,1666.61,1540,2020-01-19T12:00:00+00:00,2020-01-19T13:00:00+00:00
XAUUSD,MT5,1666.61,1671.12,1653.35,1657.87,1064,2020-01-19T13:00:00+00:00,2020-01-19T14:00:00+00:00
XAUUSD,MT5,1657.87,1660.97,1618.27,1621.37,1102,2020-01-19T14:00:00+00:00,2020-01-19T15:00:00+00:00
XAUUSD,MT5,1621.37,1659.52,1609.19,1647.35,1681,2020-01-19T15:00:00+00:00,2020-01-19T16:00:00+00:00
XAUUSD,MT5,1647.35,1657.93,1628.41,1638.99,1260,2020-01-19T16:00:00+00:00,2020-01-19T17:00:00+00:00
XAUUSD,MT5,1638.99,1688.95,1616.47,1666.44,1794,2020-01-19T17:00:00+00:00,2020-01-19T18:00:00+00:00
XAUUSD,MT5,1666.44,1681.03,1661.26,1675.86,1436,2020-01-19T18:00:00+00:00,2020-01-19T19:00:00+00:00
XAUUSD,MT5,1675.86,1690.27,1657.96,1672.38,859,2020-01-19T19:00:00+00:00,2020-01-19T20:00:00+00:00
XAUUSD,MT5,1672.38,1705.02,1648.32,1680.96,1543,2020-01-19T20:00:00+00:00,2020-01-19T21:00:00+00:00
XAUUSD,MT5,1680.96,1743.64,1668.01,1730.68,1112,2020-01-19T21:00:00+00:00,2020-01-19T22:00:00+00:00
XAUUSD,MT5,1730.68,1786.39,1729.55,1785.25,924,2020-01-19T22:00:00+00:00,2020-01-19T23:00:00+00:00
XAUUSD,MT5,1785.25,1797.12,1775.04,1786.91,1791,2020-01-19T23:00:00+00:00,2020-01-20T00:00:00+00:00
XAUUSD,MT5,1786.91,1793.00,1784.91,1791.01,1705,2020-01-20T00:00:00+00:00,2020-01-20T01:00:00+00:00
XAUUSD,MT5,1791.01,1825.65,1785.31,1819.95,1124,2020-01-20T01:00:00+00:00,2020-01-20T02:00:00+00:00
XAUUSD,MT5,1819.95,1837.74,1779.01,1796.81,1340,2020-01-20T02:00:00+00:00,2020-01-20T03:00:00+00:00
XAUUSD,MT5,1796.81,1816.44,1785.97,1805.60,1476,2020-01-20T03:00:00+00:00,2020-01-20T04:00:00+00:00
XAUUSD,MT5,1805.60,1814.17,1796.13,1804.70,1234,2020-01-20T04:00:00+00:00,2020-01-20T05:00:00+00:00
XAUUSD,MT5,1804.70,1831.73,1785.98,1813.01,801,2020-01-20T05:00:00+00:00,2020-01-20T06:00:00+00:00
XAUUSD,MT5,1813.01,1817.26,1786.04,1790.29,1728,2020-01-20T06:00:00+00:00,2020-01-20T07:00:00+00:00
XAUUSD,MT5,1790.29,1798.33,1739.88,1747.91,1575,2020-01-20T07:00:00+00:00,2020-01-20T08:00:00+00:00
XAUUSD,MT5,1747.91,1749.70,1692.42,1694.21,914,2020-01-20T08:00:00+00:00,2020-01-20T09:00:00+00:00
XAUUSD,MT5,1694.21,1706.79,1653.27,1665.86,1363,2020-01-20T09:00:00+00:00,2020-01-20T10:00:00+00:00
XAUUSD,MT5,1665.86,1669.04,1651.07,1654.25,1369,2020-01-20T10:00:00+00:00,2020-01-20T11:00:00+00:00
XAUUSD,MT5,1654.25,1678.14,1622.92,1646.81,871,2020-01-20T11:00:00+00:00,2020-01-20T12:00:00+00:00
XAUUSD,MT5,1646.81,1720.10,1621.88,1695.17,1356,2020-01-20T12:00:00+00:00,2020-01-20T13:00:00+00:00
XAUUSD,MT5,1695.17,1735.31,1683.20,1723.34,1034,2020-01-20T13:00:00+00:00,2020-01-20T14:00:00+00:00
XAUUSD,MT5,1723.34,1742.25,1679.54,1698.45,1870,2020-01-20T14:00:00+00:00,2020-01-20T15:00:00+00:00
XAUUSD,MT5,1698.45,1724.08,1681.52,1707.14,918,2020-01-20T15:00:00+00:00,2020-01-20T16:00:00+00:00
XAUUSD,MT5,1707.14,1713.33,1690.37,1696.56,1425,2020-01-20T16:00:00+00:00,2020-01-20T17:00:00+00:00
XAUUSD,MT5,1696.56,1697.86,1687.85,1689.15,1011,2020-01-20T17:00:00+00:00,2020-01-20T18:00:00+00:00
XAUUSD,MT5,1689.15,1701.92,1680.88,1693.66,1016,2020-01-20T18:00:00+00:00,2020-01-20T19:00:00+00:00
XAUUSD,MT5,1693.66,1718.40,1684.53,1709.27,1184,2020-01-20T19:00:00+00:00,2020-01-20T20:00:00+00:00
XAUUSD,MT5,1709.27,1720.49,1689.19,1700.40,1430,2020-01-20T20:00:00+00:00,2020-01-20T21:00:00+00:00
XAUUSD,MT5,1700.40,1731.42,1696.55,1727.56,1228,2020-01-20T21:00:00+00:00,2020-01-20T22:00:00+00:00
XAUUSD,MT5,1727.56,1738.85,1686.74,1698.03,1302,2020-01-20T22:00:00+00:00,2020-01-20T23:00:00+00:00
XAUUSD,MT5,1698.03,1700.40,1695.63,1698.00,1046,2020-01-20T23:00:00+00:00,2020-01-21T00:00:00+00:00
XAUUSD,MT5,1698.00,1774.72,1688.55,1765.27,1639,2020-01-21T00:00:00+00:00,2020-01-21T01:00:00+00:00
XAUUSD,MT5,1765.27,1789.29,1746.97,1770.99,919,2020-01-21T01:00:00+00:00,2020-01-21T02:00:00+00:00
XAUUSD,MT5,1770.99,1833.84,1746.42,1809.27,1351,2020-01-21T02:00:00+00:00,2020-01-21T03:00:00+00:00
XAUUSD,MT5,1809.27,1827.79,1793.03,1811.55,1543,2020-01-21T03:00:00+00:00,2020-01-21T04:00:00+00:00
XAUUSD,MT5,1811.55,1845.35,1793.39,1827.20,1955,2020-01-21T04:00:00+00:00,2020-01-21T05:00:00+00:00
XAUUSD,MT5,1827.20,1844.87,1807.77,1825.44,1705,2020-01-21T05:00:00+00:00,2020-01-21T06:00:00+00:00
XAUUSD,MT5,1825.44,1831.05,1814.96,1820.57,971,2020-01-21T06:00:00+00:00,2020-01-21T07:00:00+00:00
XAUUSD,MT5,1820.57,1832.73,1787.05,1799.21,1996,2020-01-21T07:00:00+00:00,2020-01-21T08:00:00+00:00
XAUUSD,MT5,1799.21,1817.77,1792.09,1810.65,874,2020-01-21T08:00:00+00:00,2020-01-21T09:00:00+00:00
XAUUSD,MT5,1810.65,1818.38,1779.74,1787.47,1188,2020-01-21T09:00:00+00:00,2020-01-21T10:00:00+00:00
XAUUSD,MT5,1787.47,1812.78,1779.90,1805.20,1898,2020-01-21T10:00:00+00:00,2020-01-21T11:00:00+00:00
XAUUSD,MT5,1805.20,1842.19,1797.64,1834.62,1767,2020-01-21T11:00:00+00:00,2020-01-21T12:00:00+00:00
XAUUSD,MT5,1834.62,1860.06,1819.09,1844.53,1191,2020-01-21T12:00:00+00:00,2020-01-21T13:00:00+00:00
XAUUSD,MT5,1844.53,1845.72,1835.23,1836.42,1398,2020-01-21T13:00:00+00:00,2020-01-21T14:00:00+00:00
XAUUSD,MT5,1836.42,1853.30,1831.89,1848.76,1753,2020-01-21T14:00:00+00:00,2020-01-21T15:00:00+00:00
XAUUSD,MT5,1848.76,1849.13,1839.65,1840.01,1501,2020-01-21T15:00:00+00:00,2020-01-21T16:00:00+00:00
XAUUSD,MT5,1840.01,1873.79,1832.03,1865.81,1060,2020-01-21T16:00:00+00:00,2020-01-21T17:00:00+00:00
XAUUSD,MT5,1865.81,1886.93,1793.92,1815.05,1031,2020-01-21T17:00:00+00:00,2020-01-21T18:00:00+00:00
XAUUSD,MT5,1815.05,1832.34,1788.43,1805.73,837,2020-01-21T18:00:00+00:00,2020-01-21T19:00:00+00:00
XAUUSD,MT5,1805.73,1827.86,1730.28,1752.41,1507,2020-01-21T19:00:00+00:00,2020-01-21T20:00:00+00:00
